"","rater","l.shift","s.shift","Cb","est","r","method"
"1",1,-0.0551415322080257,0.924019295959403,0.995377285469259,0.985660068916903,0.98110364379395,"LINexp"
"2",2,-0.000771558068698484,0.869925891048611,0.990368815194603,0.961375825203681,0.952116636963704,"LINexp"
"3",3,-0.0483903135225966,0.916064926171489,0.995008920408576,0.968397724495292,0.963564374376183,"LINexp"
"4",4,0.0333785184617248,0.915941841042968,0.995605228047089,0.972866046531529,0.968590522116293,"LINexp"
"5",5,-0.024219409436269,1.05177750198781,0.998434697934269,0.974709214039359,0.973183499693136,"LINexp"
"6",6,0.0817753506402318,0.961425388168692,0.995899428578945,0.986139303272989,0.982095568628809,"LINexp"
"7",7,0.00456679203920598,0.962706101161255,0.999267751833118,0.986332707379419,0.985610467062505,"LINexp"
"8",8,-0.0471663856926177,0.915691290830539,0.995031279479552,0.984724266104444,0.979831446436468,"LINexp"
